[{
        
        "name": "brad gibson",
        "picture": "https://randomuser.me/api/portraits/thumb/men/75.jpg"

    },
    {   "name": "Stella Lynch",
        "picture":"https://randomuser.me/api/portraits/women/30.jpg"

    },
    {
        "name":"Kristen Franklin",
        "picture":"https://randomuser.me/api/portraits/women/48.jpg"

    },
    {
        "name":"Hailey Wallace",
        "picture":"https://randomuser.me/api/portraits/women/16.jpg"
    },
    {
        "name":"Nathaniel Porter",
        "picture":"https://randomuser.me/api/portraits/men/83.jpg"
    }

]